apman-68-r1.apk	68-r1	1790465714	2026-10-04T21:47:41Z
homesync-7-r3.apk	7-r3	1791124615	2026-10-04T21:47:41Z
libubus-lua-async-2026.06.28~24864e78-r2.apk	2026.06.28~24864e78-r2	1782658016	2026-10-04T21:47:41Z
lua-mosquitto-0.4.1.9.1-r2.apk	0.4.1.9.1-r2	1614154220	2026-10-04T21:47:41Z
luacurl-0.3.13-r1.apk	0.3.13-r1	1614496756	2026-10-04T21:47:41Z
nsca-ng-1.7-r1.apk	1.7-r1	1770658816	2026-10-04T21:47:41Z
snapclient-mptcp-0.35.0-r1.apk	0.35.0-r1	1788590478	2026-10-04T21:47:41Z
snapserver-mptcp-0.35.0-r1.apk	0.35.0-r1	1788590478	2026-10-04T21:47:41Z
usb-relay-hid-2.2.0.1-r0.apk	2.2.0.1-r0	1654260555	2026-10-04T21:47:41Z
wpad-ieee8021x-1-r3.apk	1-r3	1791124615	2026-10-04T21:47:41Z
wpad-saeradh2e-2026.08.07~831364bf-r3.apk	2026.08.07~831364bf-r3	1786108253	2026-10-04T21:47:41Z
